title,snippet,link
News,"Stay informed with the latest happenings at BITS Pilani through our News page. Get updates on academic achievements, research breakthroughs, ...",https://www.bits-pilani.ac.in/news/
bits pilani news,"The BITS Pilani, Rajasthan has announced addition of two new UG and PG courses, · BITS Pilani overhauls curriculum, introduces new UG, PG courses.",https://indianexpress.com/about/bits-pilani/
BITS Pilani Newsletter - Campus News and Updates,"Discover the latest BITS Pilani campus news and updates through our newsletter. Explore academic events, achievements, and more.",https://www.bits-pilani.ac.in/BITSology/
"Latest News & Videos, Photos about bits pilani","Networking giant Cisco today said BITS Pilani has deployed its virtual lecture facility that will benefit 11,000 students and 700 teachers. 25 Mar, 2013, 03.11 ...",https://economictimes.indiatimes.com/topic/bits-pilani
"Latest News, Photos, Videos on Bits Pilani","Bits Pilani · BITS Design School Invites Applications For 4-Year Honours Programme, Check Details · Multiple Food Safety Violations Found At BITS Pilani Mess In ...",https://www.ndtv.com/topic/bits-pilani
"Birla Institute of Technology And Science, Pilani (BITS Pilani)","BITS. Latest Updates. Convocation 2025, BITS Pilani. read more. banner convo2025. Loading... Keep Exploring. Faculty · Events · News. Are you sure? Subscribe.",https://www.bits-pilani.ac.in/
Latest & Breaking News on Bits Pilani,"Bits Pilani · BITS Pilani to set up Rs 1000 crore 'AI+ campus' in Amaravati · Kumar Mangalam Birla unveils Rs 2,200-crore investment plan for new AI campus, ...",https://www.moneycontrol.com/news/tags/bits-pilani.html
"BITS Pilani student found dead in hostel, institute says he ' ...",16 Aug 2025 — A 20-year-old student from BITS Pilani's Goa campus was found dead in his hostel room on Saturday. The institute stated the death was “natural” ...,https://www.hindustantimes.com/india-news/bits-pilani-student-found-dead-in-hostel-institute-says-he-died-in-sleep-report-101755407065684.html
News,"Stay informed with the latest happenings at BITS Pilani through our News page. Get updates on academic achievements, research breakthroughs, ...",https://www.bits-pilani.ac.in/news/
bits pilani news,"The BITS Pilani, Rajasthan has announced addition of two new UG and PG courses, · BITS Pilani overhauls curriculum, introduces new UG, PG courses.",https://indianexpress.com/about/bits-pilani/
