Search Query,Link
Cloud Computing,"https://azure.microsoft.com/en-us/resources/cloud-computing-dictionary/what-is-cloud-computing#:~:text=Cloud%20computing%20defined,resources%2C%20and%20economies%20of%20scale."
Cloud Computing,"https://www.investopedia.com/terms/c/cloud-computing.asp#:~:text=Cloud%20computing%20is%20the%20on,it%20possible%20to%20save%20remotely."
Cloud Computing,"https://www.redhat.com/en/topics/cloud-computing/public-cloud-vs-private-cloud-and-hybrid-cloud#:~:text=The%204%20types%20of%20cloud,service%20is%20a%20unique%20decision."
Cloud Computing,"https://online.eou.edu/resources/article/understanding-cloud-computing-basics/#:~:text=These%20three%20layers%2C%20IaaS%2C%20PaaS,need%2C%20when%20they%20need%20it."
Cloud Computing,"https://www.techtarget.com/searchcloudcomputing/definition/cloud-computing#:~:text=Examples%20of%20cloud%20computing%20capabilities,from%20anywhere%20on%20any%20device."
Cloud Security,"https://cloud.google.com/learn/what-is-cloud-security#:~:text=Cloud%20security%20refers%20to%20the,and%20infrastructure%20in%20cloud%20environments."
Cloud Security,"https://www.splunk.com/en_us/blog/learn/cloud-security.html#:~:text=This%20is%20structured%20in%20three,data%20centers%20and%20network%20architecture."
Cloud Security,"https://www.sophos.com/en-us/cybersecurity-explained/cloud-security#:~:text=Examples%20include%20Single%20Sign%2DOn,%2C%20software%20vulnerabilities%2C%20and%20more."
Cloud Security,"https://sidechainsecurity.com/three-pillars-of-data-security-in-the-cloud/#:~:text=When%20developing%20a%20potent%20data,areas%2C%20any%20initiative%20will%20struggle."
Cloud Engineering,"https://www.techtarget.com/searchcloudcomputing/definition/cloud-engineer#:~:text=A%20cloud%20engineer%20is%20an,cloud%20software%20engineer"
Cloud Engineering,"https://www.randstad.in/job-seeker/job-profiles/cloud-engineer/#:~:text=Cloud%20engineering%20is%20a%20rapidly%20growing%20field%20with%20high%20demand,a%20very%20attractive%20career%20option."
Cloud Engineering,"https://digitalcloud.training/do-non-coders-have-a-career-in-cloud-computing/#:~:text=While%20coding%20skills%20are%20essential,success%20of%20a%20business%20application."
Cloud Engineering,https://www.digitalocean.com/resources/articles/cloud-engineer
AWS Cloud Services,https://aws.amazon.com/
AWS Cloud Services,"https://aws.amazon.com/what-is-aws/#:~:text=Amazon%20Web%20Services%20(AWS)%20is,services%20from%20data%20centers%20globally."
AWS Cloud Services,https://aws.amazon.com/types-of-cloud-computing/
AWS Cloud Services,"https://cloud.google.com/discover/types-of-cloud-computing#:~:text=The%20main%20three%20types%20of,SaaS)%2C%20and%20serverless%20computing."
AWS Cloud Services,"https://www.aboutamazon.eu/what-we-do/amazon-web-services#:~:text=AWS%20has%20over%20200%20fully,%2C%20security%2C%20and%20enterprise%20applications."
Azure Cloud Architecture,https://learn.microsoft.com/en-us/azure/architecture/
Azure Cloud Architecture,"https://www.simplilearn.com/azure-architecture-explained-article#:~:text=The%20architecture%20of%20Microsoft%20Azure,cloud%2Dbased%20applications%20and%20services."
Azure Cloud Architecture,"https://cloud.google.com/discover/types-of-cloud-computing#:~:text=The%20main%20three%20types%20of,SaaS)%2C%20and%20serverless%20computing."
Azure Cloud Architecture,"https://azure.microsoft.com/en-in/solutions/cloud-enablement/well-architected#:~:text=The%20five%20pillars%20of%20the,based%20on%20your%20specific%20workload."
Azure Cloud Architecture,"https://turbo360.com/blog/azure-architecture-diagrams#:~:text=Azure%20architecture%20diagrams%20are%20visual,used%20in%20a%20specific%20architecture."
Google Cloud Platform,https://cloud.google.com/
Google Cloud Platform,"https://www.revelo.com/blog/google-cloud-vs-aws#:~:text=GCP%20and%20AWS%20both%20offer,control%20over%20their%20computing%20environment."
Google Cloud Platform,"https://cloud.google.com/learn/paas-vs-iaas-vs-saas#:~:text=Google%20Cloud%20offers%20a%20wide,organization's%20unique%20needs%20and%20requirements."
Google Cloud Platform,"https://www.digitalocean.com/resources/articles/comparing-aws-azure-gcp#:~:text=Azure%20offers%20a%20wide%20range,of%209%25%20in%20Q1%202023."
Google Cloud Platform,"https://cloud.google.com/free/docs/free-cloud-features#:~:text=from%20incurring%20charges.-,Free%20Tier,and%20services%20free%20of%20charge."
Cloud Migration Strategies,"https://bluexp.netapp.com/blog/aws-cvo-blg-strategies-for-aws-migration-the-new-7th-r-explained#:~:text=The%207%20cloud%20migration%20strategies,premises%20infrastructure%20to%20the%20cloud."
Cloud Migration Strategies,"https://www.linkedin.com/pulse/4-rs-essential-guide-migrating-applications-cloud-rami-abdallah#:~:text=The%20decision%20to%20migrate%20applications,Re%2Darchitect%2C%20and%20Replace."
Cloud Migration Strategies,"https://bluexp.netapp.com/blog/cvo-blg-cloud-migration-approach-rehost-refactor-or-replatform#:~:text=We'll%20follow%20the%20five,on%20the%20first%20three%20approaches."
Cloud Migration Strategies,"https://www.silvertouch.com/blog/a-7-step-model-for-ensuring-successful-migration-into-the-cloud/#:~:text=The%207%2Dstep%20cloud%20migration%20model%20breaks%20down%20the%20entire,augmentation%2C%20validation%2C%20and%20optimization."
Cloud Infrastructure Management,"https://www.vmware.com/topics/cloud-infrastructure-management#:~:text=Cloud%20infrastructure%20management%20comprises%20the,configuring%20and%20managing%20cloud%20infrastructure."
Cloud Infrastructure Management,"https://cloud.google.com/discover/types-of-cloud-computing#:~:text=The%20main%20three%20types%20of,SaaS)%2C%20and%20serverless%20computing."
Cloud Infrastructure Management,"https://www.fortinet.com/resources/cyberglossary/cloud-infrastructure#:~:text=There%20are%20four%20core%20components,%2C%20servers%2C%20and%20storage%20arrays."
Cloud Infrastructure Management,"https://www.rishabhsoft.com/blog/cloud-infrastructure-management#:~:text=A%3A%20The%20three%20major%20pillars,managing%20data%20in%20the%20cloud."
Cloud DevOps,"https://www.intel.com/content/www/us/en/cloud-computing/devops.html#:~:text=DevOps%20is%20a%20software%20engineering,and%20services%20in%20the%20cloud."
Cloud DevOps,https://www.simplilearn.com/how-to-become-a-cloud-devops-engineer-article
Cloud DevOps,"https://www.glassdoor.co.in/Salaries/cloud-devops-engineer-salary-SRCH_KO0,21.htm#:~:text=The%20average%20salary%20for%20a,DevOps%20Engineer%20employees%20in%20India."
Cloud DevOps,"https://www.linkedin.com/pulse/coding-knowledge-essential-successful-devops-career-ts4ubootcamp-dwvwc#:~:text=While%20coding%20isn't%20mandatory,with%20developers%2C%20ensuring%20smoother%20collaborations."
Engineering Cloud Solutions,"https://www.altimetrik.com/solutions/cloud-engineering/#:~:text=Leveraging%20optimized%20cloud%20engineering%20solutions%20is%20a%20proven%20method%20to,and%20within%20the%20cloud%20seamless."
Engineering Cloud Solutions,"https://azure.microsoft.com/en-ca/resources/cloud-computing-dictionary/what-is-cloud-computing#:~:text=Cloud%20computing%20simply%20refers%20to,databases%2C%20software%2C%20and%20analytics."
Engineering Cloud Solutions,"https://cloud.google.com/discover/types-of-cloud-computing#:~:text=The%20main%20three%20types%20of,SaaS)%2C%20and%20serverless%20computing."
Engineering Cloud Solutions,"https://www.techtarget.com/searchcloudcomputing/definition/cloud-engineer#:~:text=A%20cloud%20engineer%20is%20an,cloud%20architect"
Engineering Cloud Solutions,https://builtin.com/articles/cloud-computing-examples
Software Engineering in Cloud,"https://azure.microsoft.com/en-ca/resources/cloud-computing-dictionary/what-is-cloud-computing#:~:text=What%20is%20the%20cloud%3F,productivity%20software%20over%20the%20internet."
Software Engineering in Cloud,"https://brokee.io/blog/cloud-engineer-vs-software-engineer#:~:text=Yes%2C%20a%20software%20engineer%20can,the%20right%20skills%20and%20training."
Software Engineering in Cloud,"https://www.techtarget.com/searchcloudcomputing/definition/cloud-engineer#:~:text=A%20cloud%20engineer%20is%20an,cloud%20architect"
Software Engineering in Cloud,"https://www.arenasolutions.com/resources/glossary/cloud-software/#:~:text=Cloud%20software%20provides%20users%20on,across%20a%20variety%20of%20platforms."
Engineering Cloud Security,"https://cybersn.com/role/cloud-security-engineer/#:~:text=Cloud%20Security%20Engineers%20are%20responsible,improvement%20of%20cloud%20computing%20environments."
Engineering Cloud Security,"https://www.glassdoor.co.in/Salaries/cloud-security-engineer-salary-SRCH_KO0,23.htm#:~:text=The%20estimated%20total%20pay%20for,salaries%20collected%20from%20our%20users."
Engineering Cloud Security,"https://www.splunk.com/en_us/blog/learn/cloud-security.html#:~:text=This%20is%20structured%20in%20three,data%20centers%20and%20network%20architecture."
Engineering Cloud Security,"https://www.coursera.org/articles/cloud-security-engineer#:~:text=This%20means%20earning%20a%20bachelor's,work%20experience%20you%20must%20gain."
