Title,Company,Location,Summary
"Senior Software Engineer, AI",,,
Software Engineer – OpenTelemetry and Hyperledger Besu Integration,,,
Senior Software Engineer,,,
Senior Software Engineer,,,
"Staff software engineer, developer experience",,,
Senior IBM i Developer,,,
Sr. Principal Engineer,,,
Principal Software Engineer (Backend),,,
Machine Learning Quantitative Researcher,,,
"Senior Software Engineer, API",,,
Founding Software Engineer - Vimes,,,
Sr Software Engineer - NLP - Remote,,,
Senior Software Engineer,,,
Software Engineer – OpenTelemetry and Hyperledger Besu Integration,,,
Senior Software Engineer,,,
"Staff software engineer, developer experience",,,
Senior IBM i Developer,,,
Sr. Principal Engineer,,,
Sr. Principal Engineer,,,
Principal Software Engineer (Backend),,,
Machine Learning Quantitative Researcher,,,
"Senior Software Engineer, API",,,
Founding Software Engineer - Vimes,,,
Sr Software Engineer - NLP - Remote,,,
Senior Software Engineer,,,
Advanced Software Engineer,,,
"Software Engineer, Full Stack",,,
Senior Software Development Engineer,,,
Staff Developer Productivity Engineer,,,
