Title,URL,Description
What Are the Benefits of AI-Powered Web Scraping in 2025?,https://kanerika.com/blogs/ai-powered-web-scraping/,N/A
AI Web Scraping as the Future of Scalable Data Collection,https://www.zyte.com/blog/ai-web-scraping-as-the-future-of-scalable-data-collection/,N/A
"The Future of Web Scraping: AI, Automation, and Compliance",https://outscraper.com/future-of-web-scraping-ai-automation-compliance/,N/A
How AI is Revolutionizing Web Scraping: The Future of ...,https://medium.com/@vijaygadhave2014/how-ai-is-revolutionizing-web-scraping-the-future-of-data-collection-48cafdb009fb,N/A
How AI Agents Are Changing the Future of Web Scraping,https://dev.to/davidking/how-ai-agents-are-changing-the-future-of-web-scraping-21di,N/A
Autonomous Web Scraping: The Future of Data Collection ...,https://so-development.org/autonomous-web-scraping-the-future-of-data-collection-with-ai/,N/A
How AI Agents Are Changing the Future of Web Scraping,"https://dev.to/davidking/how-ai-agents-are-changing-the-future-of-web-scraping-21di#:~:text=In%20today's%20world%20of%20data,%2C%20more%20accurate%2C%20and%20smarter.",N/A
Best 12+ AI Web Scraping Tools You Should Know - Research AIMultiple,"https://research.aimultiple.com/ai-web-scraping/#:~:text=AI%20web%20scraping%20is%20the,websites%20(design%20and%20structural%20changes)",N/A
The Future of Web Scraping: AI-Powered Data Extraction,"https://scrapegraphai.com/blog/future-web-scraping/#:~:text=AI%20web%20scraping%20apps%20are,web%20data%2C%20making%20decisions%20easier.",N/A
The Future Role of AI in Web Development: What To Expect,"https://www.designrush.com/agency/web-development-companies/trends/ai-and-web-development#:~:text=AI%2Ddriven%20development%20tools%20are,user%2Dspecific%20experiences%20at%20scale.",N/A
AI Data Scraping Explained: How It Works and Why It ...,https://magicalapi.com/blog/recruiting-best-practices/ai-data-scraping-explained/,N/A
The Future of Web Scraping: AI-Powered Data Extraction,https://scrapegraphai.com/blog/future-web-scraping,N/A
Modern Web Scraping: Evolving with AI and ...,https://www.alibabacloud.com/blog/modern-web-scraping-evolving-with-ai-and-cloud-integration_602275,N/A
