rank,title,url,snippet
1,Python Tutorial,https://www.w3schools.com/python/,"This Python tutorial covers file handling, database handling, exercises, and examples. It also includes a ""Try it Yourself"" editor."
2,Python Tutorial,https://www.geeksforgeeks.org/python/python-programming-language-tutorial/,"5 Nov 2025 — In this section, we'll cover the basics of Python programming, including installing Python, writing first program, understanding comments and working with ..."
3,The Python Tutorial,https://docs.python.org/3/tutorial/index.html,"This tutorial is for new Python programmers, introduces basic concepts, and helps you write Python modules and programs, but is not comprehensive."
4,"Python Full Course for Beginners [2025]
YouTube · Programming with Mosh
12 Feb 2025",https://www.youtube.com/watch?v=K5KVEU3aaeQ,No description available
5,Python Tutorial,https://www.tutorialspoint.com/python/index.htm,"This Python tutorial is for beginners to learn basic to advanced concepts of Python, a popular, general-purpose, interpreted, object-oriented language."
6,Learn Python - Free Interactive Python Tutorial,https://www.learnpython.org/,"This free tutorial offers interactive coding challenges, videos, and covers topics like variables, lists, loops, functions, and more. It is for everyone."
7,Python for Beginners (Full Course),https://www.youtube.com/playlist?list=PLu0W_9lII9agwh1XjRt242xIpHhPT2llg,Introduction to Programming & Python | Python Tutorial - Day #1 · Some Amazing Python Programs - The Power of Python | Python Tutorial - Day #2 · Modules and Pip ...
