Heading,Snippet,Link
About Us - Digital India | Leading the transformation in ...,"Digital India, launched in 2015, aims to transform India into a digitally empowered society, improving lives through digital services and expanding the digital ...",https://www.digitalindia.gov.in/about-us/
Major IT Initiatives,The Digital India Programme is a flagship Programme of the Government of India with a vision to transform India into a digitally empowered society and knowledge ...,https://haryanait.gov.in/major-it-initiatives/
Government Initiatives,"6 days ago — Government initiatives include tax exemptions, legal support, easy compliance, relaxed procurement, a fund of funds, credit guarantee, and ...",https://www.startupindia.gov.in/content/sih/en/international/go-to-market-guide/government-initiatives.html
Students Development schemes | All India Council for ...,AICTE-CII India Innovation Initiative Towards bridging gap between academia and industry · Startup Contest Promoting student driven innovations & start-ups.,https://aicte.gov.in/schemes/students-development-schemes
About the Scheme | Government of India,"8 May 2025 — FutureSkills PRIME is an industry-aligned skilling initiative sponsored by the Ministry of Electronics and Information Technology (MeitY), ...",https://www.nielit.gov.in/content/about-scheme-0
Top 5 Digital Education Initiatives by Government of India I 2025,12 Apr 2025 — 1. PM e-VIDYA · 2. ePathshala · 3. DIKSHA (Digital Infrastructure for Knowledge Sharing) · 4. NISHTHA (National Initiative for School Heads' and ...,https://www.apnipathshala.org/top-5-digital-education-initiatives-by-government-of-india-i-2025/
IT Industry and Digital India Initiatives in India,"The government's Digital India initiatives aim to bridge the digital divide, promote e-governance, and empower citizens through improved digital infrastructure ...",https://rajras.in/ras/mains/paper-2/science/it-industry-and-digital-india-initiatives-in-india/
Digital India Internship Scheme,"The Ministry of Electronics and Information Technology (MeitY) has introduced an internship scheme named ""Digital India Internship Scheme.",https://www.myscheme.gov.in/schemes/mdiis
Ministry of Electronics and Information Technology: Home,"MeitY's focus areas include the development, promotion, and regulation of the electronics and IT industry in India, fostering digital governance.",https://meity.gov.in/
Government of India Expands AI-Driven Skilling,"19 Mar 2025 — MeitY through IndiaAIFutureSkills Pillar aims to increase the number of graduates, postgraduates, and PhD scholars in the AI domain while ...",https://www.pib.gov.in/PressReleasePage.aspx?PRID=2113095
Role Of Government Initiatives In Digital Education In India,"The Indian government promotes digital education through initiatives like SWAYAM, DIKSHA, e-Pathshala, and PM eVIDYA, under the Digital India mission.",https://www.vidyalaya.org.in/digital-education-in-india/
"Digital India | Objectives, Key Initiatives & Progress","In July 2015, the Indian government launched the 'Digital India' initiative to improve online infrastructure and increase internet accessibility among ...",https://ibef.org/government-schemes/digital-india
Five ambitious AI initiatives by Indian Government to foster. ...,"Equipped with the best IT talent capital, India has also started many ambitious initiatives to transform AI into a digital tool for national development with a ...",https://indiaai.gov.in/article/five-ambitious-ai-initiatives-by-indian-government-to-foster-national-growth
Website of Viksit Bharat Initiative for Student Innovation ...,"27 Nov 2024 — Viksit Bharat Initiative for Student Innovation and Outreach Network (VISION), aimed at nurturing education, skill development, ...",https://www.india.gov.in/website-viksit-bharat-initiative-student-innovation-and-outreach-network-vision
"India Science, Technology & Innovation - ISTI Portal: Home",ANRF- Prime Minister Professorship Program (Last Date to Apply: 1 Sept. · INSPIRE-MANAK Call for Nominations for Students' Technological Ideas/Innovations (Last ...,https://www.indiascienceandtechnology.gov.in/
Government Incentives Program | Upskilling,"The program offers up to ₹12,000 for digital upskilling, including course fees, certifications, internships, and assessment fee reimbursements. Claim after ...",https://www.futureskillsprime.in/govt-of-india-incentives/
"Programmes, Policies, and Initiatives related to ICT - UPSC",11 Feb 2021 — Digital India Initiative. Digital India was an initiative taken by the Government of India for providing high-speed internet networks to rural ...,https://lotusarise.com/programmes-policies-and-initiatives-related-to-ict-upsc/
10 initiatives for Digital India,1. Formation of e-inclusion. 2. increase services through mobile technology. 3. Enhancing ICT skills. 4. Use of ICT in Export and import services. 5. Use of ...,https://www.mygov.in/task/10-initiatives-digital-india/?page=0%2C13
Schemes and Services of Ministry of Electronics and ...,"24 Feb 2025 — Information about GI Cloud and State Data Centre Scheme, Financial Reports by Ministry of Electronics and Information Technology",https://www.india.gov.in/schemes-and-services-ministry-electronics-and-information-technology
Digital India initiative of Government has revolutionized ...,2 Aug 2023 — Government of India launched the 'Digital India' programme with the vision to transform India into a digitally empowered society and knowledge-based economy.,https://www.pib.gov.in/Pressreleaseshare.aspx?PRID=1945057
AICTE FLAGSHIP SCHEMES AND INITIATIVES,"6 Jul 2025 — AICTE initiatives include NEP implementation, skill programs, space tech, Generation Green, drone labs, AI centers, IDEA Labs, AURA, VAANI, and ...",https://aicte.gov.in/downloads/initiatives/AICTE-VISION-MERGED.pdf
Government initiatives for Digital Education in India,"1 Oct 2022 — PM E-Vidhya: It is a comprehensive program announced on 17 May 2020, with the objective to unify digital and online education with the education ...",https://timesofindia.indiatimes.com/education/online-schooling/government-initiatives-for-digital-education-in-india/articleshow/94532897.cms
Indian Government Initiatives in Game Design and ...,29 May 2025 — The Indian government is investing in integrating gaming technology and design into governance. They understand it helps to enhance citizen ...,https://strate.in/indian-government-initiatives-in-game-design-and-development/
Programmes of Government of India,"The Indian government has various employment schemes, including Atmanirbhar Bharat Rojgar Yojana, Pradhan Mantri Rojgar Protsahan Yojana, and Mahatma Gandhi ...",https://dge.gov.in/dge/schemes_programmes
Initiatives Taken by Indian Government for Online Education,"15 Jan 2024 — The Indian government's initiatives include PM eVidya, DIKSHA, ePathshala, Digital Saksharta Abhiyan, and Startup India, focused on ...",https://www.learningroutes.in/blog/government-initiatives-for-online-education
Digital India Mission,Digital India was an initiative taken by the Government of India for providing high-speed internet networks to rural areas. Digital India Mission was launched ...,https://byjus.com/free-ias-prep/digital-india/
Government Schemes for Startups,"6 days ago — The government provides schemes for startups in sectors like technology, manufacturing, agriculture, and healthcare, offering financial, ...",https://www.startupindia.gov.in/content/sih/en/government-schemes.html
"Skill India Digital Hub (SIDH) - Upskilling, reskilling, career ...","Explore Skill India Digital Hub's (SIDH) free courses & skill development schemes across sectors including IT, digital marketing, coding, AI.",https://www.skillindiadigital.gov.in/
The Role of Government Initiatives in Boosting Startups,26 Mar 2024 — The Startup India Initiative and the Atal Innovation Mission are pioneering initiatives that are driving India's success in the global startup ...,https://www.investindia.gov.in/blogs/role-government-initiatives-boosting-startups
Schemes/ Programmes,"1 Sept 2023 — Wide range of schemes/ programmes covering human and institutional capacity building, research and development, technology development, innovation & ...",https://dst.gov.in/schemes-programmes
IT & ITES - Invest UP - Government of Uttar Pradesh,"3 Oct 2024 — The IT sector has been contributing immensely to the state economy with the presence of companies such as Microsoft, TCS, PayTM, HCL, Wipro, MAQ, Adobe, ...",https://invest.up.gov.in/it-ites/
GOVERNMENT OF INDIA'S INITIATIVES TO ...,"10 Mar 2025 — GOVERNMENT OF INDIA'S INITIATIVES TO REVOLUTIONIZE EDUCATION SECTOR · Introduces a credit-based education system where students can earn, store, ...",https://investpunjabblog.com/2025/03/10/government-of-indias-initiatives-to-revolutionize-education-sector/
(PDF) AI INITIATIVES BY INDIAN GOVERNMENT,"Abstract ; The portal has different sections named: News, Articles, Ecosystem, Resources, Skills and Job, Sectors, Govt. of ; India and Initiatives and ...",https://www.researchgate.net/publication/344270789_AI_INITIATIVES_BY_INDIAN_GOVERNMENT_JOURNEY_TOWARDS_BECOMING_GLOBAL_TECHNOLOGY_LEADER
Govt launches SOAR initiative to equip school students ...,"23 Jul 2025 — The Indian government has rolled out the SOAR (Skilling for AI Readiness) programme, marking a significant step towards integrating ...",https://timesofindia.indiatimes.com/education/news/govt-launches-soar-initiative-to-equip-school-students-with-ai-skills-featuring-15-hour-modules-for-grades-6-12-check-all-details-here/articleshow/122854935.cms
Digital India Future Labs Initiative by the Government of India,It will bring new career opportunities to grow within Indian ecosystem. The collaborative industry partners and start-ups will seek new employees to work in the ...,https://hetic.in/digital-india-future-labs-by-government/
Indian Government Initiatives to Upskill the Nation and its ...,"This provides training which covers various fields such as Soft skills, Digital literacy, and Entrepreneurship, aligning with the National Skills Qualification ...",https://pifinity.org/indian-government-initiatives-to-upskill-the-nation-and-its-youth/
Schemes/ Programmes,1 Sept 2023 — भारत सरकारGOVERNMENT OF INDIA; विज्ञान और ... students & research scholars towards promoting research and innovation activities in the country.,https://dst.gov.in/schemes-programmes
Q 1.What are some of the digital initiatives undertaken by ...,The government of India has launched several initiatives to promote digital education.Some of them are: i)Operation Digital Board ...,https://www.quora.com/Q-1-What-are-some-of-the-digital-initiatives-undertaken-by-the-govt-of-India-to-promote-education
Digital Education Initiatives,12 Aug 2021 — The government introduced the PM eVIDYA programme in May 2020 to make e-learning more accessible for Indian students and teachers and promote & ...,https://ibef.org/blogs/digital-education-initiatives
"NITI AAYOG, India","NITI Aayog is the premier policy think tank of the Government of India, providing directional and strategic inputs on development, innovation, and inclusive ...",https://niti.gov.in/
NeGD - National e-Governance Division | Digital India ...,"Official portal of NeGD (National e-Governance Division), driving Digital India with citizen-centric e-Governance, digital platforms, and ICT innovations.",https://negd.gov.in/
Which government initiative in India primarily focuses on ...,"25 Jun 2024 — This initiative was introduced by the Ministry of Education, Government of India, to develop a digital infrastructure for education. NDEAR aims ...",https://testbook.com/question-answer/which-government-initiative-in-india-primarily-foc--66693cee231aaf147211da8e
Government Initiatives for Enhancing Access to Academic ...,"27 Dec 2023 — NIELIT provides education and training in the field of electronics, information technology, and related sectors. It offers both online and ...",https://teachers.institute/educational-technology-overview/government-initiatives-academic-resources-india/
ICT Technology: Its Role and Impact at WIC,"24 Nov 2023 — Shedding Light on the Winning Transformative Government Initiatives to accelerate ICT · The Digital India Program, launched in 2015, marked a ...",https://www.investindia.gov.in/blogs/ict-technology-its-role-and-impact-wic
List of Government Schemes for Students in India,17 Jul 2025 — 5 Government Schemes for Students in India · PM Scholarship Scheme (PMSS) · PM Kaushal Vikas Yojana (PMKVY) · PM CARES for Children · Atal ...,https://www.bajajbroking.in/blog/government-schemes-for-students-in-india
Revolutionizing Higher Education: Role of Digital Initiatives ...,"Through collaboration, adaptation, and a commitment to excellence, India's higher education sector is poised for a dynamic and transformative journey in the ...",https://icert.org.in/index.php/edu-mania/edumania-vol-2-issue-1/revolutionizing-higher-education-role-of-digital-initiatives-in-india-for-tackling-challenges-with-innovation-and-technology/
New Initiatives for Education Sector,"30 Jul 2021 — NISHTHA is the largest teachers' training programme, first of its kind in the world to motivate and equip teachers to encourage and foster ...",https://www.drishtiias.com/daily-news-analysis/new-initiatives-for-education-sector
"As an IT sector employee, what has the current Indian ...","As an IT sector employee, what has the current Indian government done for me? Which are the popular schemes launched for IT sector employees?",https://www.quora.com/As-an-IT-sector-employee-what-has-the-current-Indian-government-done-for-me-Which-are-the-popular-schemes-launched-for-IT-sector-employees
Initiatives by the government to strengthen skill based ...,30 Jul 2022 — Initiatives by the government under the name of the Skill India Mission (SIM) to strengthen skill based education in India under NEP 2020.,https://nationalskillsnetwork.in/initiatives-by-the-government-to-strengthen-skill-based-education-under-nep-2020/
List of schemes of the government of India,"Schemes that the central government fully funds are referred to as ""central sector schemes"" (CS). In contrast, schemes mainly funded by the center and ...",https://en.wikipedia.org/wiki/List_of_schemes_of_the_government_of_India
Govt initiating programmes under Digital India for IT sector ...,"3 Jan 2018 — IT Minister Ravi Shankar Prasad said the measures under the Digital India initiative include steps to increase domestic electronic production, ...",https://www.business-standard.com/article/economy-policy/govt-initiating-programmes-under-digital-india-for-it-sector-growth-prasad-118010300488_1.html
DPIIT Internship Scheme,The objective behind the internship scheme is to give exposure to the students to understand the working culture of Govt. of India and exposure to the schemes ...,https://www.myscheme.gov.in/schemes/dpiit-is
Leveraging language technology for national good,13 Jan 2021 — The public sector in India is proactively using NLP ... Leveraging language technology for national good: Initiatives by the Indian govt.,https://indiaai.gov.in/article/leveraging-language-technology-for-national-good-initiatives-by-the-indian-govt
Research Grants,"Objectives : Government-Industry collaboration for transforming research mind-set and culture in India to foster novel, transformative and impactful research ...",https://serb.gov.in/page/english/research_grants
Initiatives taken by the Ministry of Education - Vikaspedia,"SWAYAM is a programme initiated by Government of India and designed to achieve the three cardinal principles of Education Policy viz., access, equity and ...",https://education.vikaspedia.in/viewcontent/education/policies-and-schemes/initiatives-taken-by-the-ministry-of-education?lgn=en
r/india - Major Government Initiatives Launched To Benefit ...,r/india - Major Government Initiatives Launched To Benefit Students In The Education Sector. ndtv.com. Open. Upvote 5. Downvote 2 Go to ...,https://www.reddit.com/r/india/comments/1ho629j/major_government_initiatives_launched_to_benefit/
List of Government Schemes in India,Atmanirbhar Bharat Abhiyan · Mission Karmayogi · Pradhan Mantri SVANidhi Scheme · Samarth Scheme · Savya Shiksha Abhiyaan · Rashtriya Gokul Mission · Production ...,https://byjus.com/govt-exams/government-schemes/
Advancing Technology and Innovation,"Technology Development Board, New Delhi (TDB) provides financial assistance to Indian industrial concerns and other agencies, attempting development and ...",https://tdb.gov.in/advancing-technology-and-innovation
National Informatics Centre - Homepage | India,National Informatics Centre (NIC) under the Ministry of Electronics and Information Technology (MeitY) is the technology partner of the Government of India.,https://www.nic.gov.in/
Digital India Corporation: Driving India's Digital Transformation,Digital India Corporation (DIC) is a non-profit organization to empower India through digital innovation & technology-driven solutions.,https://dic.gov.in/
10 Free Education Government Schemes in India,5 Aug 2024 — 10 Government Schemes For Free Education in India · Sarva Shiksha Abhiyan (SSA) · Right to Education (RTE) Act · National Programme for Education ...,https://www.cry.org/blog/government-schemes-for-free-education-in-india/
Contemporary Government Initiatives for Youth Upliftment,PM Vidyalaxmi enhances existing education support schemes and aims to ensure broader access to higher education across India. Skill Development and Training.,https://afpr.in/contemporary-government-initiatives-for-youth-upliftment/
MyGov.in | MyGov: A Platform for Citizen Engagement towards ...,MyGov is an innovative platform to build a partnership between Citizens and Government with the help of technology for growth and development of India.,https://mygov.in/
Schemes | Department of Social Justice and Empowerment,"4 days ago — Educational Schemes. #, Scheme Name, Website URL. 1, Central Sector Scholarship of Top Class Education for SC Students · https://scholarships.",https://socialjustice.gov.in/schemes
How Digital India initiative can revive the education sector,24 Dec 2014 — Indian government's ambitious National Optical Fibre Network (NOFN) is going to be backbone of the Digital India campaign. Expansion of ...,https://www.digit.in/features/telecom/how-digital-india-initiative-can-revive-the-education-sector-24721.html
Make In India,"Explore India's vibrant Startup Ecosystem: From the Startup India initiative's impact to government support, discover the thriving landscape.",http://www.makeinindia.com/
Google to work with Indian Govt. on digital literacy & other ...,10 Oct 2014 — “The Digital India Program has been launched with the vision of transforming India into a digitally empowered society and knowledge economy. It ...,https://www.dsim.in/blog/google-to-work-with-indian-govt-on-digital-literacy-other-programs/
Welcome to Department of Biotechnology | Department of ...,"The Department of Biotechnology (@DBTIndia) advances healthcare, agriculture, and environmental sustainability under India's Ministry of Science ...",https://dbtindia.gov.in/
which of these is an initiative of the government to promote ...,9 Sept 2023 — Digital India is a campaign launched by the Government of India to ensure that the Government's services are made available to citizens electronically.,https://brainly.in/question/57929646
Ministry of Statistics and Program Implementation ...,"Ministry of Statistics and Programme Implementation, Government of India.",https://www.mospi.gov.in/
Employment Schemes,Eligibility. Should be an Indian Citizen; 12th class dropouts or 10th pass students can enroll in PMKVY to develop their skill set. · Benefits. Create an ...,https://eshram.gov.in/employment-schemes
"ICT Initiatives of MHRD, Government of India",3. e-Pathya is one the verticals of e-PG Pathshala which is software driven course / content package that facilitates students pursuing higher education (PG ...,https://vnit.ac.in/wp-content/uploads/2020/02/ICT-Initiatives-of-MHRD-Government-of-India.pdf
"C-DAC: Centre for Development of Advanced Computing, India","... Ministry of Communications and Information Technology, Government of India. C-DAC, is primarily an R and D institution involved in the design, development ...",https://www.cdac.in/
"Official Website of Invest UP, Government of Uttar Pradesh, India",The Government of India has identified the Defence and Aerospace sector ... The Tourism and Hospitality sector is an integral part of the Make in India initiative ...,https://invest.up.gov.in/
State Schemes,"Benefit: Scholarship of Upto 50,000 Rs which will cover exam fees and college admission fees. ... Eligbility: Family Income less than 3 Lakh Rs. For Students of ...",https://dwbdnc.dosje.gov.in/state
Digital Initiatives in Higher Education by MHRD,"A programme initiated by Government of India, designed to achieve the three ... Curriculum based courses that can meet the needs of lifelong learners of. Indian ...",https://gndec.ac.in/sites/default/files/Digital%20ICT%20Initiatives_MHRD.pdf
Make In India | Prime Minister of India,Innovation and research activities are supported through fast paced registration system and accordingly infrastructure of Intellectual Property Rights ...,https://www.pmindia.gov.in/en/major_initiatives/make-in-india/
Digital Initiative,"With technology and internet access, the Government of India has launched various digital initiatives in higher education to improve the quality of higher ...",https://www.asmie.in/digital_initiative.php
Untitled,/en/schemes-initiatives.,https://msde.gov.in/en/schemes-initiatives
"What is Digital India? Initiatives, Objectives, and Benefits","Digital India has synergized with government schemes like Make in India, Startup India, and Atmanirbhar Bharat, boosting the economy and positioning India ...",https://www.businessgo.hsbc.com/en/article/what-is-digital-india-initiatives-objectives-and-benefits
Home | Ministry of Food Processing Industries | Government of ...,"MOFPI, FPI,Ministry of Food Processing Industries, Mega Food Parks,National Mission on Food Processing,Cold Chain,IGPB,IICPT.",https://www.mofpi.gov.in/
Information and communication technology initiatives in India,The document discusses several initiatives by the Indian government to promote education ... field of knowledge with those of the other. It also galvanises ...,https://www.slideshare.net/slideshow/information-and-communication-technology-initiatives-in-india/252191104
ICT initiatives in School Education of India,utilise these technologies in all fields of education. The vision ... emphasised in Government of India's latest flagship programme on education 'Samagra.,https://journals.ncert.gov.in/IJET/article/download/257/54/518
Ministry of Social Justice and Empowerment,news icon News / Events (What's New) · Major Schemes · Dr. Virendra Kumar · Shri Ramdas Athawale · Shri B. L. Verma · news icon Important Links ...,https://socialjustice.gov.in/
Strategies for Enhancing Digital Literacy in India,"18 Mar 2024 — Digital Saksharta Abhiyan (DISHA) : Under the DISHA initiative, the government partners with various stakeholders, including NGOs, academic ...",https://theunitedindian.com/news/Digital-literacy-in-India
India's Innovative STEM Programs for the Next Generation,"22 Aug 2024 — Google's Code to Learn initiative: To encourage students to think computationally, Google India has launched coding competitions and seminars.",https://indiastemfoundation.org/blog/stem-programs-next-generation/
About Software Technology Parks of India (STPI),"In order to achieve this, STPI has evolved a collaborative model wherein government, industry, academia, and other stakeholders are playing a vital role for ...",http://stpi.in/en/about-stpi
About Digital India,Digital India is a flagship programme of the Government of India with a vision to transform India into a digitally empowered society and knowledge economy. The ...,https://csc.gov.in/digitalIndia
Home | Department for Promotion of Industry and Internal Trade,We are committed to making India the most investment-friendly country in the world. Vibrant Gujarat Summit. 17.04.2015. open_in_newView Event ...,https://dpiit.gov.in/
Idex Details,"Startups, as defined and recognized by Department of Industrial Policy Promotion (DIPP), Ministry of Commerce and Industry, Government of India. Any Indian ...",https://www.ddpmod.gov.in/offerings/schemes-and-services/idex
ITEC :Indian Technical and Economic Cooperation,"The Indian Technical and Economic Cooperation Programme, ITEC for short, is the leading capacity building platform of the Ministry Of External Affairs, ...",https://www.itecgoi.in/
List of Cybersecurity Initiatives by the Government of India,10 Oct 2024 — Cyber security in India has seen the government put great effort into ensuring skills in the field and awareness across the population and ...,https://www.strongboxit.com/list-of-cybersecurity-initiatives-by-the-government-of-india/
Invest in IT/ITES Sector in India | IIG,"14 Oct 2025 — As India charts its path toward becoming a developed nation by 2047, the government actively supports this transformation. Initiatives such as ...",https://indiainvestmentgrid.gov.in/sectors/it-ites
10 Digital Initiatives In Higher Education - Gibbon by EduGorilla,7 Jun 2022 — The Government of India has taken various digital initiatives in higher education to promote access to higher education for all the country's ...,https://gibbon.edugorilla.com/blog/digital-initiatives-in-higher-education/
28 Digital Initiative of Government of India in Higher ...,"30 Mar 2019 — The 28 Digital Initiative of the Government of India in Higher Education aims to enhance learning through technology, promoting digital platforms, e-resources, ...",https://lisportal.com/digital-initiative-of-govt-of-india-in-higher-education/
Other Projects - NeGD - National e-Governance Division,Other Projects · MeriPehchaan · API Setu : Open API Platform · India Stack Global · National AI Portal (INDIAai) · Poshan Tracker · User Experience for Government ...,https://negd.gov.in/other-projects/
Schemes / Programmes / Missions / Applications,The PM-Kisan Samman Nidhi (Pradhan Mantri Kisan Samman Nidhi) is a Central Sector scheme by the Government of India. It provides financial assistance to ...,https://igod.gov.in/organization/b9e83XQBYNG-XPnvjOsx/SPMA/list
Digital India,Digital India flagship initiative launched by the Government of India to provide government services electronically to citizens through improved online ...,https://en.wikipedia.org/wiki/Digital_India
DigiLocker:An Initiative Towards Paperless Governance,Government & Public Sector · Skill ... DigiLocker is a flagship initiative of Ministry of Electronics & IT (MeitY) under Digital India programme.,https://www.digilocker.gov.in/
Government Initiatives in India: Tackling Cybersecurity ...,"Cyber Surakshit Bharat: To enhance the government's vision of ""Digital India,"" the Cyber Surakshit Bharat was launched by the Ministry of Electronics and ...",https://ccoe.dsci.in/blog/the-role-of-government-initiatives-in-tackling-cybersecurity-challenges-in-india
Ministry of Commerce and Industry,Government of India. Ministry of Commerce and Industry. DEPARTMENT OF COMMERCE · India - UK Comprehensive Economic and Trade Agreement (CETA).,https://www.commerce.gov.in/
India's Technological Revolution: Government Initiatives ...,"10 Feb 2025 — The Indian government has been actively promoting technology across various sectors to drive progress, enhance governance, and create employment opportunities.",https://uppcsmagazine.com/why-the-indian-government-is-promoting-technologies/
Nine Years of Digital India Initiative,4 Jul 2024 — Information Technology (IT) for Jobs: Enhance youth IT skills to meet growing industry demands through programs like Digital Literacy Mission ...,https://www.drishtiias.com/daily-updates/daily-news-analysis/nine-years-of-digital-india-initiative
Empowering youth with world-class education is key ...,"The scheme bridges the gap between learning and industry needs through updated curriculum, global skills, and enhanced internship opportunities.",https://www.facebook.com/MyGovIndia/posts/empowering-youth-with-world-class-education-is-key-to-building-an-aatmanirbharbh/1218324386995624/
List of initiatives where the Government is providing Online ...,Common Services Centers (CSC) 2.0: The CSC aims for establishing at least one CSC in each of 2.5 lakh Gram Panchayat (GP) level under Digital ...,https://www.reddit.com/r/india/comments/503l18/list_of_initiatives_where_the_government_is/
How Government-Led Digital Infrastructure Initiatives ...,21 Aug 2025 — Discover how government digital infrastructure initiatives like BharatNet and UPI are fueling enterprise tech adoption in India.,https://www.airtel.in/b2b/insights/blogs/5-ways-government-digital-infrastructure-initiatives-are-supercharging-enterprise-tech-adoption-in-india/
"Home | Ministry of Ayush, Govt. of India",Central Sector Scheme for Promotion of International Co-operation (IC) in Ayush. To promote and strengthen awareness and interest about Ayush Systems of ...,https://ayush.gov.in/
FACT SHEET: United States and India Elevate Strategic ...,1 Feb 2023 — President Biden and Prime Minister Modi announced the U.S.-India initiative on Critical and Emerging Technology (iCET) in May 2022 to elevate ...,https://in.usembassy.gov/fact-sheet-united-states-and-india-elevate-strategic-partnership-with-the-initiative-on-critical-and-emerging-technology-icet/
India's Digital Transformation: Government Services in ...,"23 Dec 2024 — According to NASSCOM, the Indian tech industry is projected to grow to $350 billion by 2025, further promoting digital initiatives that enhance ...",https://www.cdpp.co.in/articles/india-s-digital-transformation-government-services-in-2040-and-beyond
Home | Ministry of Tourism | Government of India,Awards are also given to the meritorious students of the institutes of Hotel Management and Indian Institute of Tourism & Travel Management. National ...,https://tourism.gov.in/
ADITI Details,"The ADITI Scheme leverages the existing iDEX Scheme to streamline the development process. ... Ministry of Commerce and Industry, Government of India. Any Indian ...",https://www.ddpmod.gov.in/offerings/schemes-and-services/aditi_details
Govt initiatives to promote Information Technology Industry ...,12 Feb 2022 — The Government of India (GoI) has taken various initiatives to promote Information Technology and Information Technology enabled Services (IT/ ITeS) sector in ...,https://taxguru.in/corporate-law/govt-initiatives-promote-information-technology-industry-services.html
"Digital India Scheme - Launch Date, Vision & Initiative List","The Digital India scheme is the government of India's flagship initiative, with the goal of transforming India into a digitally enabled society and knowledge ...",https://scripbox.com/saving-schemes/digital-india-scheme/
Digital India Stepping Stone for Govt Initiatives: Dr Andreas ...,"Some of the emerging areas that require attention in the capacity building programmes include Cloud-based solutions and procurement models for the same, mobile ...",https://egov.eletsonline.com/2015/11/digital-india-stepping-stone-for-govt-initiatives/
Projects & Initiatives - DST-Gujarat,Department for Science and Technology is responsible for formulation and implementation of key policies in this sector. Gujarat Informatics Ltd. has been ...,https://dst.gujarat.gov.in/Home/ProjectsandInitiatives
Home | Ministry of Health and Family Welfare | GOI,"MInistry of Health and Family Welfare is a Ministry under the Government of India and is charged with formulation, implementatio.",https://mohfw.gov.in/
Indian government E-learning initiatives in response to ...,"by M Singh · 2021 · Cited by 142 — SWAYAM, a major initiative of the Indian Government on E-learning was initiated to provide an integrated platform and portal for online courses ...",https://link.springer.com/article/10.1007/s10639-021-10585-1
initiatives for employment generation in it sector in,"Scheme. Subsequently, a request was received from the. BTC for increasing the assistance of Government of India for Textile Park to 90%. The M/o Textiles has ...",https://www.mha.gov.in/sites/default/files/nenl0707.pdf
"Make In India – Sectors, Scheme, Initiatives, Programs, ...","11 Jul 2024 — The Make in India initiative was launched in 25th September, 2014 to generate employment and business growth opportunities, with a major focus on Indian start- ...",https://razorpay.com/learn/make-in-india/
Home | Ministry of Youth Affairs and Sports | Government of India,Immense Pride as India's Young Boxers Shine at U-19 World Championships in Colorado (. 45th FIDE Chess Olympiad! Congrats to the Indian Men's Hockey Team ...,https://yas.gov.in/
what are various digital india initiatives taken by indian ...,15 Sept 2022 — Answer:Pradhan Mantri Kaushal Vikas Yojana (PMKVY) PAHAL (DBTL) Targeted Public Distribution System (TPDS) Visvesvaraya PhD Scheme For ...,https://brainly.in/question/53558059
Indian Space Research Organisation,"Indian Space Research Organisation (ISRO) is the space agency of India. The organisation is involved in science, engineering and technology to harvest the ...",https://www.isro.gov.in/
Digital Initiatives - Know Different Initiatives Taken by the GOI,Digital Initiatives Taken by Government of India to Improve Education! · National Mission on Education through Information and Communication Technology (NMEICT).,https://testbook.com/digital-electronics/digital-initiatives-by-government-of-india
Department of Government Projects (DGP),"Core Activities · Startup Village Entrepreneurship Programme [SVEP] Sponsored by Ministry of Rural Development, Government of India · National Rural Economic ...",https://ediindia.org/projects-government/
BIRAC-Home,"... (BIRAC) , a Public Sector Enterprise, set up by Department of Biotechnology (DBT), Government of India © 2025. Last Updated: 28 October, 2025. g20 · mygov.",https://www.birac.nic.in/
"Digital India Programme: About, Features, Significance & ...","5 Mar 2025 — Digital India is a flagship programme of the Government of India, launched on July 1, 2015, by Honourable Prime Minister Shri Narendra Modi",https://www.nextias.com/blog/digital-india-programme/
Schemes for MSMEs,"India initiatives. • 25% subsidy on ... Ministries/Departments of Government of India/State. Government, Industry Associations, Academic Institutions.",https://msme.gov.in/sites/default/files/Scheme-booklet-Eng.pdf
UX4G | User Experience Design for Government,"A National Workshop on UX and UI was held, bringing together stakeholders from government, industry and other relevant fields to explore the best UI/UX ...",https://www.ux4g.gov.in/
(PDF) Digital Initiatives of Government of India,"21 Sept 2023 — ... Education Sector – A Pandemic Perspective; At: Pollachi; Volume: Second. Authors: ... Nallamuthu Gounder Mahalingam College, Pollachi, Coimbatore, ...",https://www.researchgate.net/publication/374082815_Digital_Initiatives_of_Government_of_India
These 4 initiatives can make education more accessible in ...,"9 Oct 2022 — With conducive policies and initiatives of the Government of India, such as the National Education Policy (NEP) 2020 and over 5000 EdTech start- ...",https://theprint.in/india/education/these-4-initiatives-can-make-education-more-accessible-in-india-2/1160405/
Government Sponsored Schemes - NABARD,Off Farm Sector · Stand-Up India · Special Credit Linked Capital Subsidy Scheme (SCLCSS) ...,https://www.nabard.org/content1.aspx?id=23&catid=23&mid=530
Digital India Initiatives: Transforming Governance and ...,"Launched in 2015, this initiative wants to connect everyone online, from cities to villages. It's about making government services easy to access and boosting ...",https://sleepyclasses.com/digital-india-initiatives/
Artificial Intelligence (AI) - Government of India's initiatives ...,10 Jan 2024 — Artificial Intelligence (AI) - Government of India's initiatives in boosting skills and education to shape India's future workforce.,https://nationalskillsnetwork.in/artificial-intelligence-ai-government-of-indias-initiatives-in-boosting-skills-and-education/
Major Initiatives | Prime Minister of India,The aim is to de-license and de-regulate the industry during the entire life cycle of a business. ... Government of India. Shri Narendra Modi led a cleanliness ...,https://www.pmindia.gov.in/en/major-initiatives/
"How govt initiatives, affordable devices are helping fuel ...","20 May 2023 — One of the most prominent initiatives is the Digital India campaign, launched in 2015, which aims to transform India into a digitally empowered ...",https://yourstory.com/2023/05/india-digital-inclusion-government-initiatives-internet-connectivity
Best Practices | NFS,"Curated initiatives and case studies from across India and the world, to inspire learning, sharing, and adoption.",https://www.nitiforstates.gov.in/best-practice-landing
What Are The Key AI Initiatives Of Indian Government?,"21 May 2021 — In the last few years, the Indian government has launched several initiatives to boost AI, Big Data, virtual reality and robotics.",https://analyticsindiamag.com/ai-features/what-are-the-key-ai-initiatives-of-indian-government/
"National Institute for Micro, Small and Medium Enterprises (ni ...","ni-msme is an Organisation of Ministry of MSME, Govt. of India. It is a pioneer institute in the field of MSME and Entrepreneurship Development. The Institute ...",https://www.nimsme.gov.in/
Schemes | Department of Personnel & Training,"9 Dec 2022 — The Central Sector Scheme, 'Training For All (TFA)' is being implemented by DoPT since 1992. Presently, the Scheme has 4 components.",https://dopt.gov.in/employees-corner/schemes
Home: Anusandhan National Research Foundation ...,"This Program aims to impart high-end research training in frontier areas of Science and Technology, which are of interest to India.",https://serb.gov.in/
"List of Government Schemes in India, Objectives, Impacts",Important Government Schemes List for UPSC ; One District One Product Scheme. 2018. Ministry of Commerce & Industry ; PRARAMBH: Startup India International Summit.,https://vajiramandravi.com/current-affairs/important-government-schemes/
APIs,"A Digital India Initiative; Choose your theme. Select blue-themeSelect yellow ... Icon Sector Sector. All. API Hits. 2,134. Updated on. 22/08/2025. Created on.",https://www.data.gov.in/apis
Schemes / Programmes / Missions / Applications,Schemes / Programmes / Missions / Applications · AICTE Student Learning Assessment Project · All India Survey on Higher Education · Centralized Counseling for M.,https://igod.gov.in/organization/T9e83XQBYNG-XPnvjOsx/SPMA/list
Home - Small Industries Development Bank of India,"Small Industries Development Bank of India is the principal financial institution focused on promoting, financing, and developing the MSME sector in India.",https://www.sidbi.in/en/
National Skill Development Corporation (NSDC),WHAT WE DO · Ministry of Skill Development And Entrepreneurship · Skill India · Candidate registration for International Mobility · ASEEM · NSDC's Skills ...,https://nsdcindia.org/
Foreign Trade Policy,"This website belongs to Directorate General of Foreign Trade, Ministry of Commerce and Industry, Government of India. Browser and Display Compatibility. DGFT ...",https://www.dgft.gov.in/CP/?opt=ft-policy
About SHRESHTA | Scheme for Residential Education ...,To enhance the reach of the development initiative of the government. To fill the gap in service-deprived Scheduled Castes (SCs) dominant areas in the sector of ...,https://shreshta.admissions.nic.in/about-shreshta/
Digital MSME Scheme,"भारत सरकारGOVERNMENT OF INDIA · सूक्ष्म , लघु और ... Contact of Field Offices · Former Development Commissioners(MSME) · Organisation ...",https://dcmsme.gov.in/CLCS_TUS_Scheme/Digital_MSME_Scheme/Scheme_Guidelines.aspx
Ministry of Heavy Industries: Home,"Schemes · In a significant move aimed at revolutionizing the electric vehicle (EV) landscape in India, Government of India has approved the Scheme to Promote ...",https://heavyindustries.gov.in/
Government Goldmines for B.Tech CSE Students,The Skill India Mission is a flagship initiative by the Government of India aiming to train over 400 million people. Through NSDC-approved ...,https://www.linkedin.com/pulse/government-goldmines-btech-cse-students-manish-keshri-jaemc
government of india,13 Dec 2023 — (a) the details of the Skill India Digital (SID) initiative and its objectives launched by the Ministry; ... Indian workforce for Industry ...,https://sansad.in/getFile/annex/262/AU1231.pdf?source=pqars
DHR || ePMS,Government of India; स्वास्थ्य और परिवार कल्याण ... Department of Health Research (DHR) provides financial assistance to promote research in the field ...,https://schemes.dhr.gov.in/
Swayam Central,"From here, I learned how statistics are used as catalysts in the medical field. ... Initiative by : Ministry of Education (Govt of India). SWAYAM SUPPORT. Please ...",https://swayam.gov.in/
Services Schemes | Welfare of SC/ST/OBC,"WELFARE SCHEMES :- (A) Government of Delhi. The plan schemes included under the sector ""Welfare of SC/ST/OBC"" are being implemented by Departments of ...",https://scstwelfare.delhi.gov.in/scstwelfare/services-schemes
Govt launches 22 new schemes under Digital India ...,"29 Dec 2015 — The 22 initiatives launched under the Digital India programme include projects in the areas of digital infrastructure, digital empowerment, on- ...",https://www.livemint.com/Home-Page/QgFspv8UzykQP99AukcSjI/Govt-launches-22-new-schemes-under-Digital-India-programme.html
Important Schemes - Chief Minister's Office,The main aim of launching this scheme is to encourage students to crack the JEE or IIT or WBJEE or any other government services. With the help of quality ...,https://cm.wb.gov.in/ncmo/Public/Scheme_Master.aspx
Home | eAnudaan,"Government of India, Ministry of Social Justice & Empowerment ... Scheme for Residential Education for Students in High Schools in Targeted Areas (SHRESHTA)",https://grants-msje.gov.in/
Initiatives Taken by Indian Government for Cyber Security,Initiatives taken by The Indian Government on Cyber Security · 1. The Indian Computer Emergency Response Team (CERT-In) · 2. Cyber Surakshit Bharat · 3. National ...,https://unacademy.com/content/upsc/study-material/science-and-technology/initiatives-taken-by-indian-government-for-cyber-security/
Prime Minister's Employment Generation Program (PMEGP),"PMEGP is a central sector scheme administered by the Ministry of Micro, Small and ... scheme of Government of India or State Government are not eligible.",https://www.jansamarth.in/prime-minister-employment-generation-program-scheme
India's eGovernance Initiatives: Transforming Governance in ...,"18 Oct 2023 — The creation of a digital infrastructure that is both secure and stable, the digital delivery of government services, and achieving universal ...",https://egov.eletsonline.com/2023/10/indias-egovernance-initiatives-transforming-governance-in-the-digital-age/
"Ministry of Micro, Small & Medium Enterprises","Ministry of Micro, Small & Medium Enterprises (M/o MSME) envision a vibrant MSME sector ... GOVERNMENT OF INDIA. Skip to main content; Site Search. Search.",https://msme.gov.in/
FutureSkills Prime,"A digital skilling initiative by nasscom & MeitY, aimed at making India a Digital Talent Nation ... Industry aligned & Government backed. Endorse learners skills ...",https://www.futureskillsprime.in/
DOIT&C,"... students from different streams of Government Polytechnic College, DCM Road, Kota. ... Initiatives). Sponsored by. Department of Administrative Reforms and ...",https://doitc.rajasthan.gov.in/
Digital Initiatives,"SWAYAM is a programme initiated by Government of India and designed to achieve the three cardinal principles of Education Policy viz., access, equity and ...",https://www.citchennai.edu.in/digital-initiatives/
Startup Assam – an Initiative of Government of Assam,INVESTORS; Corporate Partners; iNCUBATORS & Academia. National. Confedration of Indian Industry. Indian chamber of commerce. NASSCOM. NVCL. STPI. International ...,https://startup.assam.gov.in/
Artificial Intelligence,"Government of Telangana has co-designed the AI framework document with the help of pioneers of industry, academia, start-ups, and policy advisors to provide a ...",https://it.telangana.gov.in/initiatives/artificial-intelligence/
Best Government Schemes for Students in India,"21 Apr 2025 — The various government schemes for students by the Indian government include the Bihar Free Laptop Yojana, Prerana Scheme for SC/ST Students, ...",https://fi.money/guides/investments/best-schemes-for-students-in-india
Punjab launches 'The English Edge' initiative,"6 hours ago — The intent was to empower students in government schools with world-class English communication skills, Punjab Education Minister Harjot Singh ...",https://www.thehindu.com/education/punjab-launches-the-english-edge-initiative/article70221087.ece
Home | BOARD OF PRACTICAL TRAINING,"Board of Practical Training, Eastern Region, is an autonomous body under the Ministry of Education, Govt. of India and has played a crucial role in ...",https://www.bopter.gov.in/
Initiatives - Additional Skill Acquisition Programme ...,An initiative to encourage industry dynamics and business innovation among students through a realistic model of industry on campus. The facilitators are ASAP ...,https://asapkerala.gov.in/initiatives/
DoS/ISRO INTERNSHIP & STUDENT PROJECT TRAINEE ...,23 Jan 2025 — DoS/ISRO INTERNSHIP & STUDENT PROJECT TRAINEE SCHEMEs Home / DoS/ISRO INTERNSHIP & STUDENT PROJECT TRAINEE SCHEMEs ... Government of India logo ...,https://www.isro.gov.in/InternshipAndProjects.html
MHRD - Digital Initiatives in Higher Education,E-Yantra enable the effective education across engineering colleges in India on embedded systems and Robotics. The training for teachers and students is ...,https://www.gnauniversity.edu.in/mhrd
DIGITAL EMPOWERMENT | Tamil Nadu Information ...,"Digital India vision promises to transform India into a fully connected knowledge economy, offering world class services at the click of a mouse. This vision ...",https://it.tn.gov.in/en/Digital_Empowerment
Internship Program | Free & Paid Internships for Students ...,"... fields who aspire to establish a successful career in medical writing. ... Ministry of Skill Development and Entrepreneurship, Government of India. Last ...",https://www.skillindiadigital.gov.in/internship
Emerging Technologies,"The government has created a vertical for emerging technologies and the objective is two-fold, one is to develop the ecosystem required for the industry and the ...",https://it.telangana.gov.in/initiatives/emerging-technologies/
Government's Digital Initiatives,The Indian government started an e-administration known as ePanchayat to streamline and improve inward government activities to improve governance quality · The ...,https://unacademy.com/content/upsc/study-material/science-and-technology/governments-digital-initiatives/
"Ashwini Vaishnaw: Govt To Upskill Rural India In AI, ML & ...","Ashwini Vaishnaw: Govt To Upskill Rural India In AI, ML & Cybersecurity | Business News | ET Now AI Training Boost for Rural India!",https://www.youtube.com/watch?v=tzNDtYfj8dU
