title,link,description
Internships - Google Careers,https://www.google.com/about/careers/applications/buildyourfuture/internships,"Internships in business, engineering and technology, and more."
Google Careers,https://www.google.com/about/careers/applications/,"Our locations. Large or small, each one of our offices is designed to inspire innovation, big ideas, and community. Mountain View. 465 jobs."
"Software Engineering Intern, BS, Summer 2026 — Google Careers",https://www.google.com/about/careers/applications/jobs/results/75808725415142086-software-engineering-intern-bs-summer-2026,"... AI systems, our teams strive to continuously progress science, advance society, and improve the lives of billions of people. Software Engineering Intern: As ..."
Google PhD fellowship program,https://www.google.com/intl/en_cn/university/research/phdfellowship/,"Notification of decisions for the 2025 PhD Fellowship program will be announced by November 2025. ... AI, and trust in AI systems. AI for Accessibility ..."
"Student Researcher, PhD, Fall 2025 — Google Careers",https://www.google.com/about/careers/applications/jobs/results/135714675588244166-student-researcher-phd-fall-2025,"... internship. Currently attending a degree program in the United States. Experience as a researcher, including internships, full-time, or at a lab. Experience ..."
Google Sustainability: Sustainable Innovation & Technology,https://www.google.com/green/,"For more details, refer to our 2025 Environmental Report. 4 Google uses an AI prediction model to estimate the expected fuel or energy consumption for each ..."
Data Center Careers – Google Data Centers,https://www.google.com/about/datacenters/life/,"“Even though I lived in Japan and Bahrain, Google has really taught me ... 2025 Environmental Report · Impact Study reports · Data Center Impact reports ..."
Search Jobs — Google Careers,https://www.google.com/about/careers/applications/jobs/results,"Program Manager, AI Data Operations. corporate_fareGoogleplaceHyderabad, Telangana, India; Bengaluru, Karnataka, India. bar_chartMid. Mid. Experience driving ..."
Search Jobs — Google Careers,https://www.google.com/about/careers/applications/jobs/results?q=machine+learning,"Job searchRecommended jobsSaved jobsJob alertsAI at Google. noogler_hat ... Google | Tokyo, Japan. Minimum qualifications. Bachelor's degree in Computer ..."
"Hardware/Electrical Engineering BS/MS Intern, 2026 — Google ...",https://www.google.com/about/careers/applications/jobs/results/142333052419220166-hardwareelectrical-engineering-bsms-intern/,"Please complete your application before October 24, 2025. We ... AI infrastructure by working on the foundational technology that makes it all possible."
"About Google: Our products, technology and company information ...",https://www.google.com/about/,"Learn more about Google. Explore our innovative AI products and services, and discover how we're using technology to help improve lives around the world."
"Open Career Opportunities, Autonomous (Self-Driving) Vehicle Jobs ...",https://www.google.com/about/careers/applications/jobs/results/88815398314484422-open-career-opportunities/,"Tokyo, Japan · Group Product Manager, Compliance and Policy, Generative AI ... Please do not forward resumes to our jobs alias, Google employees, or any other ..."
Career Resources for Military Families - Grow with Google,https://www.google.com/grow/veterans,"Access career resources to help military spouses and veterans find meaningful careers and jobs after the military, including veteran job search tools."
"Associate Product Marketing Manager BS/MS Intern, 2026 ...",https://www.google.com/about/careers/applications/jobs/results/140305552977601222-associate-product-marketing-manager-bsms-intern/,"Please complete your application before October 24, 2025. We encourage you to apply as early as possible as we review applications on a rolling basis. This ..."
Jobs search — Google Careers,https://www.google.com/about/careers/applications/jobs/results/142804683969176262-software-engineer-netsoft-topoplan?jid=/company/ux-researcher-hardware-palo-alto-ca-usa-4415600504&page=49,"Student Training in Engineering Program (STEP) Intern, 2025. New Taipei ... Research Scientist, Gen AI/ML, Computational Photography. Mountain View, CA ..."
"Customer Engineer, Applied AI, Public Sector — Google Careers",https://www.google.com/about/careers/applications/jobs/results/73514676545036998-customer-engineer-applied-ai-public-sector,"Tokyo, Japan · Technical Lead, Global Network Operations. Thornton, CO, USA ... The application window will be open until at least October 14, 2025. This ..."
Search Jobs — Google Careers,https://www.google.com/about/careers/applications/jobs/results?q=mandiant,"Job searchRecommended jobsSaved jobsJob alertsAI at Google. noogler_hat ... Google | Tokyo, Japan. Minimum qualifications. Bachelor's degree in ..."
"Associate Product Manager, University Graduate, 2026 Start ...",https://www.google.com/about/careers/applications/jobs/results/75038123993506502-associate-product-manager-university-graduate-2026-start,"Experience applying AI/ML concepts to build products or features through relevant internship, capstone projects, or other academic work. Technical experience ..."
Search Jobs — Google Careers,https://www.google.com/about/careers/applications/jobs/results?distance=50&q=cybersecurity,"Job searchRecommended jobsSaved jobsJob alertsAI at Google. noogler_hat ... Incident Response Consultant, Cyber Security (English, Japanese). corporate_fareGoogle ..."
"User Experience Design Intern, BS/MS, Summer 2026 — Google ...",https://www.google.com/about/careers/applications/jobs/results/123636602902586054-user-experience-design-intern-bsms-summer-2026,"Tokyo, Japan · Group Product Manager, Compliance and Policy, Generative AI ... Please complete your application before October 31st, 2025. Applications ..."
