position,title,link,displayed_link,snippet,cached_page
1,India,https://en.wikipedia.org/wiki/India,https://en.wikipedia.org ‚Ä∫ wiki ‚Ä∫ India,"India, officially the Republic of India, is a country in South Asia. It is the seventh-largest country by area; the most populous country since 2023; and, ...",
2,"India | History, Maps, Population, Economy, & Facts",https://www.britannica.com/place/India,https://www.britannica.com ‚Ä∫ ... ‚Ä∫ Countries of the World,"India, country that occupies the greater part of South Asia. It is made up of 28 states and eight union territories, and its national capital is New Delhi.",
3,Profile - India At A Glance - Know India - National Portal of India,https://knowindia.india.gov.in/profile/india-at-a-glance.php,https://knowindia.india.gov.in ‚Ä∫ profile ‚Ä∫ india-at-a-gla...,"As the 7th largest country in the world, India stands apart from the rest of Asia, marked off as it is by mountains and the sea, which give the country a ...",
4,India Country Profile,https://kids.nationalgeographic.com/geography/countries/article/india,https://kids.nationalgeographic.com ‚Ä∫ countries ‚Ä∫ article,"India is a very spiritual country. It has no official religion, but more than 80 percent of Indians are Hindu. About 13 percent are Muslim.",
5,10 Things to Know About India,https://www.usnews.com/news/best-countries/articles/2019-02-12/10-things-to-know-about-india,https://www.usnews.com ‚Ä∫ News ‚Ä∫ Best Countries,"1. India is the world's largest democracy, with a 1.3 billion population. It is also the world's second largest country, after China's 1.4 billion population.",
6,10 Interesting Facts about India,https://www.civitatis.com/blog/en/facts-about-india/?srsltid=AfmBOopcCbFe-8lhKG7aJclZmmlZKDkQairuLOjiilSW3OdQsRy9U09_,https://www.civitatis.com ‚Ä∫ blog ‚Ä∫ facts-about-india,"The most populous country in the world, home to over 1.4 billion people, 22 official languages, incredible natural landscapes, world-class cuisine, and much ...",
7,12 Fun Facts About India,https://rusticpathways.com/inside-rustic/online-magazine/fun-facts-about-india,https://rusticpathways.com ‚Ä∫ online-magazine ‚Ä∫ fun-fact...,"India is the most vegetarian country, produces 75% of the world's spices, and is home to 60% of wild tigers. Learn more fun facts about India now!",
8,What You Don't Know About India - Har Narayan,https://harnarayan.medium.com/what-you-dont-know-about-india-a77adc942b56,120+ likes ¬∑ 1 year ago,"India is a diverse country ‚Äî the geography, people, religion, ritual, lifestyle, language, outfit, food, etc. It is more diverse than the USA, ...",
9,"India Overview: Development news, research, data",https://www.worldbank.org/en/country/india/overview,https://www.worldbank.org ‚Ä∫ country ‚Ä∫ india ‚Ä∫ overview,"With a population of more than 1.4 billion, India is the world's largest democracy. ... The World Bank's support to Government of India's Skill India Mission ...",
2,India Facts for Kids | Geography | People | Animals,https://www.kids-world-travel-guide.com/india-for-kids.html,https://www.kids-world-travel-guide.com ‚Ä∫ india-for-kids,India is the seventh largest country in the world. India is slightly bigger than one third of the USA. The country is located on the Asian continent.,
3,India country profile,https://www.bbc.com/news/world-south-asia-12557384,https://www.bbc.com ‚Ä∫ world-south-asia-12557384,"REPUBLIC OF INDIA: FACTS ¬∑ Capital: New Delhi ¬∑ Area: 3,287,263 sq km ¬∑ Population: 1.44 billion ¬∑ Languages: Hindi, English, plus local languages.",
4,16 Fun Facts About India,https://www.originaltravel.co.uk/travel-guide/india/fun-facts,https://www.originaltravel.co.uk ‚Ä∫ travel-guide ‚Ä∫ fun-facts,1. India is the seventh-largest country in the world ¬∑ 2. India is the most populated country in the world ¬∑ 3. The national bird of India is the peacock ¬∑ 4.,
5,History of India,https://en.wikipedia.org/wiki/History_of_India,https://en.wikipedia.org ‚Ä∫ wiki ‚Ä∫ History_of_India,"Anatomically modern humans first arrived on the Indian subcontinent between 73,000 and 55,000 years ago. The earliest known human remains in South Asia date ...",
6,10 Interesting facts about India you probably didn't know,https://www.contiki.com/six-two/article/interesting-facts-about-india/,https://www.contiki.com ‚Ä∫ Home ‚Ä∫ Articles,"India invented chess and shampoo, has the largest vegetarian population, is the second largest English speaking country, and is the world's ...",
7,Can you tell me more about India?,https://www.quora.com/Can-you-tell-me-more-about-India,9 answers ¬∑ 8 years ago,India is not a country it is much more than a country. India is a way of life of more than 1.7 billion people of Indian sub-continent.,
8,Interesting Facts About India | Education,https://education.vikaspedia.in/viewcontent/education/childrens-corner/interesting-facts-about-india?lgn=en,https://education.vikaspedia.in ‚Ä∫ childrens-corner ‚Ä∫ intere...,"India never invaded in 100,000 years, chess and algebra originated there, the first university was in Takshila, and the first granite temple is in Tanjavur.",
1,Do you know about our country India üáÆüá≥?,https://www.quora.com/Do-you-know-about-our-country-India?no_redirect=1,1 year ago,"The Republic of India has two principal short names, each of which is historically significant, India and Bharat.A third name, ‚Äú Hindustan‚Äù ,is ...",
3,Tell me what are your views on India. : r/Norway,https://www.reddit.com/r/Norway/comments/1ix23ce/tell_me_what_are_your_views_on_india/,30+ comments ¬∑ 8 months ago,"Huge country, huge population, himalayas to the north, conflict with pakistan + nukes, Ganges river bathing, religious stuff, cremated bodies + ...",
4,India: Facts & Stats,https://www.britannica.com/facts/India,https://www.britannica.com ‚Ä∫ ... ‚Ä∫ Countries of the World,"India, officially known as the Republic of India, is a country in South Asia. It became the world's most populous country in 2023, overtaking China.",
5,"This Independence Day, tell me your favorite thing about India ...",https://www.reddit.com/r/unitedstatesofindia/comments/1mqd6ff/this_independence_day_tell_me_your_favorite_thing/,40+ comments ¬∑ 2 months ago,"India probably has the best tourism potential for any country in the world. Year round warm tropical beaches, dense forested mountains, warm ...",
6,India: Five (5) Fun Facts | Kids cultural education | Elementary ...,https://www.youtube.com/watch?v=B6v7E5yEoQA,259.3K+ views ¬∑ 1 year ago,Join Miss Jessica and special guests Miss Svetlana and Mr. Adarsh as we learn Five Fun Facts about India!,
7,India | Center for South Asian and Middle Eastern Studies,https://csames.illinois.edu/sas/sa-resources/countries/india,https://csames.illinois.edu ‚Ä∫ sas ‚Ä∫ sa-resources ‚Ä∫ countries,"India, officially the Republic of India, is a country in South Asia. It is the seventh-largest country by area; the most populous country from June 2023 ...",
8,101 Facts About India,https://www.youtube.com/watch?v=kyvGnTugGF8,1M+ views ¬∑ 8 years ago,"It's the country with over 1.3 billion people, a spa just for elephants and even a floating post office! Learn 101 incredible things about ...",
9,Top Ten Things to Know About India in the Twenty-First ...,https://www.asianstudies.org/publications/eaa/archives/top-ten-things-to-know-about-india-in-the-twenty-first-century-kripalani/,https://www.asianstudies.org ‚Ä∫ EAA Articles,India's population of 1.3 billion is the world's second-largest. It has one of the youngest populations of the world. Half the population is aged below twenty- ...,
10,India Travel Advice & Safety,https://www.smartraveller.gov.au/destinations/asia/india,https://www.smartraveller.gov.au ‚Ä∫ destinations ‚Ä∫ asia ‚Ä∫ i...,We advise: Exercise a high degree of caution in India overall due to the threat of terrorism and crime and the risk of civil unrest.,
1,"India - Simple English Wikipedia, the free encyclopedia",https://simple.wikipedia.org/wiki/India,https://simple.wikipedia.org ‚Ä∫ wiki ‚Ä∫ India,"India is a peninsular country. It has the Indian Ocean to the west, the Arabian Sea in the southwest, the Bay of Bengal in the southeast, and the Himalayas up ...",
2,What is INDIA? (The Land of Extraordinary Diversity),https://www.youtube.com/watch?v=bJL40JEvEKk,336.3K+ views ¬∑ 6 years ago,#Explorior #India #Namaste. What is INDIA? (The Land of Extraordinary Diversity). 336K views ¬∑ 6 years ago #India #Namaste #Explorior ...more ...,
3,India is Worse Than You Think - Har Narayan - Medium,https://harnarayan.medium.com/india-is-worse-than-you-think-5887d227fb4b,230+ likes ¬∑ 1 year ago,The problems I just showed you mostly were about tourism and traveling. But now I want to talk about the personal problems we have in India ...,
4,What They Don't Tell You About Life in India | Welcome To ...,https://www.youtube.com/watch?v=pu4TAKVCW0s,1.7M+ views ¬∑ 1 year ago,"The Indian's are among the brightest, most clever & industrious i have ever met. They make ways to overcome obstacles that i could never think of.",
5,India is the best country in this world. Let me tell you why?,https://www.reddit.com/r/indiasocial/comments/1kya8h2/india_is_the_best_country_in_this_world_let_me/,80+ comments ¬∑ 5 months ago,The real development has been happening in the small towns and villages. People have become rich and have almost all amenities. Also the ...,
6,India Facts For Kids | AstroSafe Search,https://www.diy.org/article/india,https://www.diy.org ‚Ä∫ article ‚Ä∫ india,"India is the second-most populous country, with over 1.3 billion people. It is home to more than 2,000 distinct ethnic groups and over 1,600 spoken ...",
7,"About India, India History, India Travel",https://www.tajtourguide.com/about-india.php,https://www.tajtourguide.com ‚Ä∫ about-india,"India is the second most populous country in the world, with a population of over one billion, and is the seventh largest country by geographical area.",
8,"History of India - Ancient, Mughal, British",https://www.britannica.com/place/India/History,https://www.britannica.com ‚Ä∫ ... ‚Ä∫ Countries of the World,"The Indian subcontinent, the great landmass of South Asia, is the home of one of the world's oldest and most influential civilizations.",
9,Shri Jawaharlal Nehru | Prime Minister of India,https://www.pmindia.gov.in/en/former_pm/shri-jawaharlal-nehru/,https://www.pmindia.gov.in ‚Ä∫ former_pm ‚Ä∫ shri-jawaha...,"Pt. Jawaharlal Nehru was born in Allabahad on November 14, 1889. He received his early education at home under private tutors.",
10,Taj Mahal - UNESCO World Heritage Centre,https://whc.unesco.org/en/list/252/,https://whc.unesco.org ‚Ä∫ list,"An immense mausoleum of white marble, built in Agra between 1631 and 1648 by order of the Mughal emperor Shah Jahan in memory of his favourite wife.",
1,"India | Culture, Facts & Travel",https://www.countryreports.org/country/India.htm,https://www.countryreports.org ‚Ä∫ country ‚Ä∫ India,"India, the world's largest democracy, has a very diverse population, geography, and climate. India is the world's second most populous country.",
2,India Latest News: Top National Headlines Today & ...,https://www.thehindu.com/news/national/,https://www.thehindu.com ‚Ä∫ news ‚Ä∫ national,National news and headlines from within or around India with live updates on major breaking events from The Hindu.,
3,Invest India: Your Guide to Investment Opportunities,https://www.investindia.gov.in/,https://www.investindia.gov.in,"The sector is anchored in the country's strong agricultural foundation‚ÄîIndia is the world's largest producer of fruits, vegetables, millets, tea, food grains, ...",
6,Tell Me About Monuments of India,https://www.exoticindiaart.com/book/details/tell-me-about-monuments-of-india-naf381/?srsltid=AfmBOoqvP9v8OVwirp6Y3K5ay0V56aFs_lkB0YBB60eoJWgctCgNTU-l,https://www.exoticindiaart.com ‚Ä∫ book ‚Ä∫ details ‚Ä∫ tell-m...,"This book is an attempt to familiarize children with our country's rich heritage, recorded by magnificent monuments.",
7,Profile,http://www.presidentofindia.gov.in/Profile,http://www.presidentofindia.gov.in ‚Ä∫ Profile,"Smt. Droupadi Murmu was sworn in as the 15th President of India on July 25, 2022. Prior to this, she served as the 9th Governor of the state ...",
8,The Story of India : Your Stories,https://www.pbs.org/thestoryofindia/stories/,https://www.pbs.org ‚Ä∫ thestoryofindia ‚Ä∫ stories,"I was always told that India was a very spiritual country. I found this to be quite true, especially with one incident in Cochin. My wife and I were walking ...",
9,7 facts you probably don't know about India - Blog,https://www.westernunion.com/blog/en/ca/facts-about-india/,https://www.westernunion.com ‚Ä∫ blog ‚Ä∫ facts-about-india,Facts about India: 7 things you didn't know ¬∑ 1 ‚Äì Cows are sacred in India ¬∑ 2 ‚Äì Hinduism is the oldest religion in the world ¬∑ 3 ‚Äì The Taj Mahal ...,
2,Top 16 Interview Questions and Answers,https://in.indeed.com/career-advice/interviewing/top-interview-questions-and-answers,https://in.indeed.com ‚Ä∫ Career Guide ‚Ä∫ Interviewing,Tell me about yourself. Your interviewers will likely begin the job interview with a general question about you and your background. This is a ...,
4,Trump Shouldn't Tell What India Will Do: Shashi Tharoor ...,https://www.ndtv.com/world-news/us-president-donald-trump-shouldnt-tell-what-india-will-do-congress-mp-shashi-tharoor-on-russian-oil-claim-9504582,https://www.ndtv.com ‚Ä∫ World News,"However, India denies any agreement, emphasising its priority to safeguard consumer interests. The country's energy policy prioritises stable ...",
5,India Achieves Network Sovereignty: A New Era in ...,https://www.instagram.com/reel/DQeQqCjEwYC/,92.3K+ likes ¬∑ 1 week ago,"India's telecom story takes a new turn as TCS, C-DOT, and ... Tell me in the comments and follow me Rajiv Makhni - All Tech, No BS ...",
6,Tell me about India | Do You Know India Information | THE ...,https://www.youtube.com/watch?v=0G56Ww65UjY,900+ views ¬∑ 4 months ago,"Tell me about India | Do You Know India Information | THE HISTORY OF INDIA I Indian Flag, Emblem. 907 views ¬∑ 4 months ago #pebbles ...",
7,Buy Tell Me About Festivals of India Book ...,https://www.amazon.in/Tell-Me-About-Festivals-India/dp/8176760420,https://www.amazon.in ‚Ä∫ Tell-Me-About-Festivals-India,Amazon.in - Buy Tell Me About Festivals of India book online at best prices in India on Amazon.in. Read Tell Me About Festivals of India book reviews ...,
8,Operation SINDOOR: Forging One Force,https://www.pib.gov.in/PressReleasePage.aspx?PRID=2129453,https://www.pib.gov.in ‚Ä∫ PressReleasePage,"In an age of multi-domain warfare, where threats evolve faster than borders shift, India's national security architecture has demonstrated the ...",
1,India: Introduction - globalEDGE,https://globaledge.msu.edu/countries/india,https://globaledge.msu.edu ‚Ä∫ ... ‚Ä∫ By Country,"India is located in Southern Asia bordering the Arabian Sea and the Bay of Bengal. Neighboring countries include Bangladesh, Bhutan, Burma, China, Nepal, and ...",
2,50 Awesome Things that India is Famous For,https://deshpee.com/50-awesome-things-that-india-is-famous-for/,https://deshpee.com ‚Ä∫ Blog,The country has a diverse culture with 22 languages approved as the official languages. The most common languages that Indians speak are ...,
